-- phpMyAdmin SQL Dump
-- version 5.1.1
-- https://www.phpmyadmin.net/
--
-- Host: 127.0.0.1
-- Generation Time: Feb 01, 2022 at 11:03 PM
-- Server version: 10.4.22-MariaDB
-- PHP Version: 7.4.27

SET SQL_MODE = "NO_AUTO_VALUE_ON_ZERO";
START TRANSACTION;
SET time_zone = "+00:00";


/*!40101 SET @OLD_CHARACTER_SET_CLIENT=@@CHARACTER_SET_CLIENT */;
/*!40101 SET @OLD_CHARACTER_SET_RESULTS=@@CHARACTER_SET_RESULTS */;
/*!40101 SET @OLD_COLLATION_CONNECTION=@@COLLATION_CONNECTION */;
/*!40101 SET NAMES utf8mb4 */;

--
-- Database: `ampongdental`
--

-- --------------------------------------------------------

--
-- Table structure for table `activitylog`
--

CREATE TABLE `activitylog` (
  `id` int(11) NOT NULL,
  `AdminId` int(11) NOT NULL,
  `Username` varchar(255) NOT NULL,
  `Activity` varchar(255) NOT NULL,
  `Date` date DEFAULT NULL,
  `Time` timestamp NOT NULL DEFAULT current_timestamp()
) ENGINE=InnoDB DEFAULT CHARSET=utf8mb4;

--
-- Dumping data for table `activitylog`
--

INSERT INTO `activitylog` (`id`, `AdminId`, `Username`, `Activity`, `Date`, `Time`) VALUES
(231, 13, 'admin12345', 'Logged In', '2022-02-02', '2022-02-01 21:50:00'),
(232, 13, 'admin12345', 'Added New Administrator athena', '2022-02-02', '2022-02-01 21:51:53'),
(233, 13, 'admin12345', 'Logged Out', '2022-02-02', '2022-02-01 21:52:03'),
(234, 32, 'athena', 'Logged In', '2022-02-02', '2022-02-01 21:52:10'),
(235, 32, 'athena', 'Updated employee 2022-0BLG9X Information', '2022-02-02', '2022-02-01 21:54:40'),
(236, 32, 'athena', 'Added new department Sanitation Department', '2022-02-02', '2022-02-01 21:55:02'),
(237, 32, 'athena', 'Added new branch Makati Branch', '2022-02-02', '2022-02-01 21:55:38'),
(238, 32, 'athena', 'Edited department Sanitation Depart', '2022-02-02', '2022-02-01 21:56:40'),
(239, 32, 'athena', 'Updated employee 2022-0BLG9X Information', '2022-02-02', '2022-02-01 21:56:47'),
(240, 32, 'athena', 'Deleted department Dentist', '2022-02-02', '2022-02-01 21:57:35'),
(241, 32, 'athena', 'Logged Out', '2022-02-02', '2022-02-01 21:57:52'),
(242, 13, 'admin12345', 'Logged In', '2022-02-02', '2022-02-01 21:58:41'),
(243, 13, 'admin12345', 'Logged Out', '2022-02-02', '2022-02-01 21:59:10'),
(244, 13, 'admin12345', 'Logged In', '2022-02-02', '2022-02-01 21:59:27'),
(245, 13, 'admin12345', 'Updated Administrator athena Credentials', '2022-02-02', '2022-02-01 21:59:43'),
(246, 13, 'admin12345', 'Logged Out', '2022-02-02', '2022-02-01 21:59:46'),
(247, 32, 'athena', 'Logged In', '2022-02-02', '2022-02-01 21:59:50');

-- --------------------------------------------------------

--
-- Table structure for table `adminlogin`
--

CREATE TABLE `adminlogin` (
  `Id` int(11) NOT NULL,
  `Username` varchar(255) NOT NULL,
  `Password` varchar(255) NOT NULL,
  `FirstName` varchar(255) NOT NULL,
  `LastName` varchar(255) NOT NULL,
  `CreatedOn` timestamp NOT NULL DEFAULT current_timestamp(),
  `LastLogin` timestamp NOT NULL DEFAULT current_timestamp()
) ENGINE=InnoDB DEFAULT CHARSET=utf8mb4;

--
-- Dumping data for table `adminlogin`
--

INSERT INTO `adminlogin` (`Id`, `Username`, `Password`, `FirstName`, `LastName`, `CreatedOn`, `LastLogin`) VALUES
(13, 'admin12345', '$2y$10$C74V2zVtnpLDaVKBWuxUQelSYlFJonCPcaAXCas49dt4k7FgMTSq.', 'Cody', 'So', '2022-01-31 18:30:07', '2022-02-01 21:59:27'),
(32, 'athena', '$2y$10$K.VOVz1T3s51LIWGzy5Th.am60ThnvdEf.fDikOCR1gU06iUlq93q', 'Athena', 'Quezon', '2022-02-01 21:51:53', '2022-02-01 21:59:50');

-- --------------------------------------------------------

--
-- Table structure for table `attendance`
--

CREATE TABLE `attendance` (
  `AttendanceId` int(11) NOT NULL,
  `EmployeeId` int(11) DEFAULT NULL,
  `EmployeeNumber` varchar(255) DEFAULT NULL,
  `Date` date DEFAULT NULL,
  `TimeIn` timestamp NULL DEFAULT NULL,
  `TimeOut` timestamp NULL DEFAULT NULL,
  `MinutesWorked` int(11) DEFAULT 0,
  `OverTimeMinutes` int(11) DEFAULT 0,
  `TimeInStatus` int(11) DEFAULT NULL,
  `TimeOutStatus` int(11) DEFAULT NULL
) ENGINE=InnoDB DEFAULT CHARSET=utf8mb4;

--
-- Dumping data for table `attendance`
--

INSERT INTO `attendance` (`AttendanceId`, `EmployeeId`, `EmployeeNumber`, `Date`, `TimeIn`, `TimeOut`, `MinutesWorked`, `OverTimeMinutes`, `TimeInStatus`, `TimeOutStatus`) VALUES
(23, 353, '2022-0BLG9X', '2022-02-02', '2022-02-01 20:53:37', '2022-02-01 21:03:03', 0, 0, 1, 3);

-- --------------------------------------------------------

--
-- Table structure for table `branches`
--

CREATE TABLE `branches` (
  `BranchId` int(11) NOT NULL,
  `Branch` varchar(255) NOT NULL,
  `Address` varchar(255) NOT NULL
) ENGINE=InnoDB DEFAULT CHARSET=utf8mb4;

--
-- Dumping data for table `branches`
--

INSERT INTO `branches` (`BranchId`, `Branch`, `Address`) VALUES
(13, 'Quezon City Branch', 'Project 8, Lungsod Quezon, Kalakhang Quezon City'),
(18, 'Makati Branch', 'Project 8, Lungsod Makati, Kalakhang Makati City');

-- --------------------------------------------------------

--
-- Table structure for table `ci_sessions`
--

CREATE TABLE `ci_sessions` (
  `id` varchar(128) NOT NULL,
  `ip_address` varchar(45) NOT NULL,
  `timestamp` timestamp NOT NULL DEFAULT current_timestamp(),
  `data` blob NOT NULL
) ENGINE=InnoDB DEFAULT CHARSET=utf8mb4;

--
-- Dumping data for table `ci_sessions`
--

INSERT INTO `ci_sessions` (`id`, `ip_address`, `timestamp`, `data`) VALUES
('04o187bm04ube9969upalfki2i8eif3l', '127.0.0.1', '0000-00-00 00:00:00', 0x5f5f63695f6c6173745f726567656e65726174657c693a313634333734393538303b),
('0dnrvfn1k68omktil1bojojdp3199nkj', '127.0.0.1', '0000-00-00 00:00:00', 0x5f5f63695f6c6173745f726567656e65726174657c693a313634333734353137363b757365726e616d657c733a31303a2261646d696e3132333435223b61646d696e49647c733a323a223133223b),
('0edsemgl0ie9k4of50472e9ug705vp8c', '127.0.0.1', '0000-00-00 00:00:00', 0x5f5f63695f6c6173745f726567656e65726174657c693a313634333734393333373b757365726e616d657c733a31303a2261646d696e3132333435223b61646d696e49647c733a323a223133223b),
('0rsre5k4labm0mf3d0gkm5mhui9soqai', '127.0.0.1', '0000-00-00 00:00:00', 0x5f5f63695f6c6173745f726567656e65726174657c693a313634333732383737383b757365726e616d657c733a31303a2261646d696e3132333435223b61646d696e49647c733a323a223133223b),
('13i4531i84faa42scas5ft7bmuob3bv6', '127.0.0.1', '0000-00-00 00:00:00', 0x5f5f63695f6c6173745f726567656e65726174657c693a313634333733373037353b757365726e616d657c733a31303a2261646d696e3132333435223b61646d696e49647c733a323a223133223b),
('15lv0clmoa1dobl44nd89piscutvlh04', '127.0.0.1', '0000-00-00 00:00:00', 0x5f5f63695f6c6173745f726567656e65726174657c693a313634333733343230323b757365726e616d657c733a31303a2261646d696e3132333435223b61646d696e49647c733a323a223133223b),
('1e4hiabshjsdmnppj432k3ntqoaavjv7', '127.0.0.1', '0000-00-00 00:00:00', 0x5f5f63695f6c6173745f726567656e65726174657c693a313634383834373030383b757365726e616d657c733a31303a2261646d696e3132333435223b61646d696e49647c733a323a223133223b),
('23qirvssj8sirhgkftnlh2hosjr6cvji', '127.0.0.1', '0000-00-00 00:00:00', 0x5f5f63695f6c6173745f726567656e65726174657c693a313634333733343836383b757365726e616d657c733a31303a2261646d696e3132333435223b61646d696e49647c733a323a223133223b),
('2j00f8bin53l0pb0fb1gupv1fsoqvbfr', '127.0.0.1', '0000-00-00 00:00:00', 0x5f5f63695f6c6173745f726567656e65726174657c693a313634333732313430343b),
('2o95ii5bsgloot5gp4e936hke513dmh2', '127.0.0.1', '0000-00-00 00:00:00', 0x5f5f63695f6c6173745f726567656e65726174657c693a313634333732373635353b757365726e616d657c733a31303a2261646d696e3132333435223b61646d696e49647c733a323a223133223b),
('2pqu8nqnaik3kfstbsmcoa4j0gntjsfs', '127.0.0.1', '0000-00-00 00:00:00', 0x5f5f63695f6c6173745f726567656e65726174657c693a313634333734383536333b757365726e616d657c733a31303a2261646d696e3132333435223b61646d696e49647c733a323a223133223b),
('3ae2ckejqetha5ieq6e5j8n4ctah8ru2', '127.0.0.1', '0000-00-00 00:00:00', 0x5f5f63695f6c6173745f726567656e65726174657c693a313634333734343339323b),
('3h88ou528eivdcvkqf4pphiv1vcgj4qu', '127.0.0.1', '0000-00-00 00:00:00', 0x5f5f63695f6c6173745f726567656e65726174657c693a313634333735323739323b),
('3ha5dhcgt2dm7e4tvg9sk5ksqp49l8th', '127.0.0.1', '0000-00-00 00:00:00', 0x5f5f63695f6c6173745f726567656e65726174657c693a313634333732363933333b),
('3ujm4af6gn0pcsglm94vm39t3sa37h62', '127.0.0.1', '0000-00-00 00:00:00', 0x5f5f63695f6c6173745f726567656e65726174657c693a313634333734393739323b),
('3uqiqrd1i271t68lolchgsbgqi4v54l4', '127.0.0.1', '0000-00-00 00:00:00', 0x5f5f63695f6c6173745f726567656e65726174657c693a313634333734303032373b757365726e616d657c733a31303a2261646d696e3132333435223b61646d696e49647c733a323a223133223b),
('4b1r5h1m1lui8uainj7vmtfn716drto5', '127.0.0.1', '0000-00-00 00:00:00', 0x5f5f63695f6c6173745f726567656e65726174657c693a313634333734313036393b757365726e616d657c733a31303a2261646d696e3132333435223b61646d696e49647c733a323a223133223b),
('4chukalebnlql8vsnsfqtke6hn8ua8l5', '127.0.0.1', '0000-00-00 00:00:00', 0x5f5f63695f6c6173745f726567656e65726174657c693a313634333733393639353b757365726e616d657c733a31303a2261646d696e3132333435223b61646d696e49647c733a323a223133223b),
('51klni28ib1jusrhl37oe3nke2qk2l64', '127.0.0.1', '0000-00-00 00:00:00', 0x5f5f63695f6c6173745f726567656e65726174657c693a313634333732333833373b),
('5idm8qhfu3ptbms0jl1mmaua421116b6', '127.0.0.1', '0000-00-00 00:00:00', 0x5f5f63695f6c6173745f726567656e65726174657c693a313634333735303639333b),
('5ojpvtekgk2f1hqan4o4s2jjphoogji8', '127.0.0.1', '0000-00-00 00:00:00', 0x5f5f63695f6c6173745f726567656e65726174657c693a313634333634343539363b757365726e616d657c733a31303a2261646d696e3132333435223b),
('5vkap5ak1einq7789t8ker55816vags4', '127.0.0.1', '0000-00-00 00:00:00', 0x5f5f63695f6c6173745f726567656e65726174657c693a313634333731363934343b757365726e616d657c733a31303a2261646d696e3132333435223b61646d696e49647c733a323a223133223b),
('609k7mfer5vfr0a31829lg5sj38d28p5', '127.0.0.1', '0000-00-00 00:00:00', 0x5f5f63695f6c6173745f726567656e65726174657c693a313634333732343031303b757365726e616d657c733a31303a2261646d696e3132333435223b61646d696e49647c733a323a223133223b),
('60q24qenj27381ubko9d7vdtf2mdkliv', '127.0.0.1', '0000-00-00 00:00:00', 0x5f5f63695f6c6173745f726567656e65726174657c693a313634333734343531383b757365726e616d657c733a31303a2261646d696e3132333435223b61646d696e49647c733a323a223133223b),
('657mo7c15aq2e5ukeo1ged2u3nq58u6j', '127.0.0.1', '0000-00-00 00:00:00', 0x5f5f63695f6c6173745f726567656e65726174657c693a313634333732363731303b),
('6l7ec5k042unjlcu11ce2k3nue2dv9k0', '127.0.0.1', '0000-00-00 00:00:00', 0x5f5f63695f6c6173745f726567656e65726174657c693a313634333732363335393b),
('6ntmepedht3fgr6jrfeq9p1so3im5t9v', '::1', '0000-00-00 00:00:00', 0x5f5f63695f6c6173745f726567656e65726174657c693a313634333730373631353b),
('6viugtp9mj2f5qv6oo1epmv6se48odmg', '127.0.0.1', '0000-00-00 00:00:00', 0x5f5f63695f6c6173745f726567656e65726174657c693a313634333733373438373b757365726e616d657c733a31303a2261646d696e3132333435223b61646d696e49647c733a323a223133223b),
('7465eoprc42omsgg1jlrf14noer5okqf', '127.0.0.1', '0000-00-00 00:00:00', 0x5f5f63695f6c6173745f726567656e65726174657c693a313634333732333639383b757365726e616d657c733a31303a2261646d696e3132333435223b61646d696e49647c733a323a223133223b),
('82kr4f8cepdue3qf3q6msntdhuqj602c', '127.0.0.1', '0000-00-00 00:00:00', 0x5f5f63695f6c6173745f726567656e65726174657c693a313634333635363738323b),
('8dhqrp5di27a1ggrc67eafokqi486v6l', '127.0.0.1', '0000-00-00 00:00:00', 0x5f5f63695f6c6173745f726567656e65726174657c693a313634333731333136313b757365726e616d657c733a31303a2261646d696e3132333435223b61646d696e49647c733a323a223133223b),
('8grf43t9m6685hcgjah2sfbe1fvq0ork', '127.0.0.1', '0000-00-00 00:00:00', 0x5f5f63695f6c6173745f726567656e65726174657c693a313634333635303533383b),
('8ihsapb0d5lbf6387gai4rcvpoulmq5t', '127.0.0.1', '0000-00-00 00:00:00', 0x5f5f63695f6c6173745f726567656e65726174657c693a313634333732393135353b757365726e616d657c733a31303a2261646d696e3132333435223b61646d696e49647c733a323a223133223b),
('8pbk5lt8rovllk9tptlgoqpuk08hqfnl', '127.0.0.1', '0000-00-00 00:00:00', 0x5f5f63695f6c6173745f726567656e65726174657c693a313634333733353930373b757365726e616d657c733a31303a2261646d696e3132333435223b61646d696e49647c733a323a223133223b),
('8s9c4ugqaibd6enda2p2couvai8s58jt', '127.0.0.1', '0000-00-00 00:00:00', 0x5f5f63695f6c6173745f726567656e65726174657c693a313634333734353833303b),
('8vra9ia3l527uakqrb4a1ddtul8p5lu7', '127.0.0.1', '0000-00-00 00:00:00', 0x5f5f63695f6c6173745f726567656e65726174657c693a313634333734323332343b),
('93rce7uukoh7jj1judlgppna3d1qr9d4', '127.0.0.1', '0000-00-00 00:00:00', 0x5f5f63695f6c6173745f726567656e65726174657c693a313634333731323432333b757365726e616d657c733a31303a2261646d696e3132333435223b61646d696e49647c733a323a223133223b),
('9492j28rdjmef9s0jdjcj84vh8uf97nq', '127.0.0.1', '0000-00-00 00:00:00', 0x5f5f63695f6c6173745f726567656e65726174657c693a313634333734353831303b757365726e616d657c733a31303a2261646d696e3132333435223b61646d696e49647c733a323a223133223b),
('984teej215ma4j6idbfsbhqopnig9vu3', '::1', '0000-00-00 00:00:00', 0x5f5f63695f6c6173745f726567656e65726174657c693a313634333731313930363b),
('9d8r0mrf5ihrdu1c5oevor4evjhagsq5', '127.0.0.1', '0000-00-00 00:00:00', 0x5f5f63695f6c6173745f726567656e65726174657c693a313634333732393937363b757365726e616d657c733a31303a2261646d696e3132333435223b61646d696e49647c733a323a223133223b),
('9n3ikbm9647mu7gh86g9e3ulstbmemod', '127.0.0.1', '0000-00-00 00:00:00', 0x5f5f63695f6c6173745f726567656e65726174657c693a313634333734323636363b757365726e616d657c733a31303a2261646d696e3132333435223b61646d696e49647c733a323a223133223b),
('9okupculnjgsa6u1bnq71r8ec23mfl1k', '127.0.0.1', '0000-00-00 00:00:00', 0x5f5f63695f6c6173745f726567656e65726174657c693a313634333733333831343b757365726e616d657c733a363a22617468656e61223b61646d696e49647c733a323a223232223b),
('9q8m3odarjuoqmgqn8m8mei7uc18plqu', '127.0.0.1', '0000-00-00 00:00:00', 0x5f5f63695f6c6173745f726567656e65726174657c693a313634333733363230383b757365726e616d657c733a31303a2261646d696e3132333435223b61646d696e49647c733a323a223133223b),
('9sp8cbe3tgrbadjhbkiirtagq0m74s2q', '127.0.0.1', '0000-00-00 00:00:00', 0x5f5f63695f6c6173745f726567656e65726174657c693a313634333734343532393b),
('a0esnut49m7qho22h3t2eaa7du7tslc4', '127.0.0.1', '0000-00-00 00:00:00', 0x5f5f63695f6c6173745f726567656e65726174657c693a313634333635313937343b),
('a5636t1nacbe08ms64ung225denrvv99', '127.0.0.1', '0000-00-00 00:00:00', 0x5f5f63695f6c6173745f726567656e65726174657c693a313634333734373138333b757365726e616d657c733a31303a2261646d696e3132333435223b61646d696e49647c733a323a223133223b),
('aamip91ss4lgleqtsgjkekv5ac47gnfh', '127.0.0.1', '0000-00-00 00:00:00', 0x5f5f63695f6c6173745f726567656e65726174657c693a313634333734343532393b),
('ajr6dd0ul06m3o55jnvsdu04q0fr8183', '127.0.0.1', '0000-00-00 00:00:00', 0x5f5f63695f6c6173745f726567656e65726174657c693a313634333635313933383b757365726e616d657c733a363a22617468656e61223b61646d696e49647c733a313a2239223b),
('akj027raqigjtlb8fjlhhkevda8vighn', '127.0.0.1', '0000-00-00 00:00:00', 0x5f5f63695f6c6173745f726567656e65726174657c693a313634333732333833373b),
('aob6qoqmk4t3q044np2gsnlqt04o5jl3', '127.0.0.1', '0000-00-00 00:00:00', 0x5f5f63695f6c6173745f726567656e65726174657c693a313634333734373932363b757365726e616d657c733a31303a2261646d696e3132333435223b61646d696e49647c733a323a223133223b),
('b915qdns0fquopq3si5oikm2dq8rpg7p', '127.0.0.1', '0000-00-00 00:00:00', 0x5f5f63695f6c6173745f726567656e65726174657c693a313634333634353534323b757365726e616d657c733a363a22617468656e61223b),
('bhg5k34snn5e7jq2149gcpm11igqphkd', '127.0.0.1', '0000-00-00 00:00:00', 0x5f5f63695f6c6173745f726567656e65726174657c693a313634333735303330353b),
('c1ug5mm4kli6aalcngm3n7blh2b2fkmn', '127.0.0.1', '0000-00-00 00:00:00', 0x5f5f63695f6c6173745f726567656e65726174657c693a313634333734303335353b757365726e616d657c733a31303a2261646d696e3132333435223b61646d696e49647c733a323a223133223b),
('csptdfvihmh6rbk14qvu3p2vt01hvnsu', '127.0.0.1', '0000-00-00 00:00:00', 0x5f5f63695f6c6173745f726567656e65726174657c693a313634333134343436313b757365726e616d657c733a363a22617468656e61223b),
('d359933rdu8itu1igqer9hsr5fuhhke9', '127.0.0.1', '0000-00-00 00:00:00', 0x5f5f63695f6c6173745f726567656e65726174657c693a313634333734323937323b757365726e616d657c733a31303a2261646d696e3132333435223b61646d696e49647c733a323a223133223b),
('d4qcq060pklams9fuijjf9suv4qb3l7d', '127.0.0.1', '0000-00-00 00:00:00', 0x5f5f63695f6c6173745f726567656e65726174657c693a313634333733373838323b757365726e616d657c733a31303a2261646d696e3132333435223b61646d696e49647c733a323a223133223b),
('db7cie3tq5trvspn5bkd9jutj9d2efgg', '127.0.0.1', '0000-00-00 00:00:00', 0x5f5f63695f6c6173745f726567656e65726174657c693a313634333635343434353b757365726e616d657c733a363a22617468656e61223b61646d696e49647c733a313a2239223b),
('dklucl0d2ktlo43f1etqe208s5ds2dkh', '127.0.0.1', '0000-00-00 00:00:00', 0x5f5f63695f6c6173745f726567656e65726174657c693a313634333734393739323b),
('dt9cn0espek17p6rha1e9iocd9h46228', '127.0.0.1', '0000-00-00 00:00:00', 0x5f5f63695f6c6173745f726567656e65726174657c693a313634333731393939393b),
('e0q8eg76fftv1jof8marhs0lel8rfddo', '127.0.0.1', '0000-00-00 00:00:00', 0x5f5f63695f6c6173745f726567656e65726174657c693a313634333634353936393b757365726e616d657c733a363a22617468656e61223b),
('e9rkcu4t12lp0e3a7583jqlt4na83dvh', '127.0.0.1', '0000-00-00 00:00:00', 0x5f5f63695f6c6173745f726567656e65726174657c693a313634333732333331393b757365726e616d657c733a31303a2261646d696e3132333435223b61646d696e49647c733a323a223133223b),
('eoi1a9s68l93ts8t9naguk4n1ejvu4hq', '127.0.0.1', '0000-00-00 00:00:00', 0x5f5f63695f6c6173745f726567656e65726174657c693a313634333732383332383b757365726e616d657c733a31303a2261646d696e3132333435223b61646d696e49647c733a323a223133223b),
('fd16fom4rbcphk5dvb30qbsp9ejg92ge', '127.0.0.1', '0000-00-00 00:00:00', 0x5f5f63695f6c6173745f726567656e65726174657c693a313634333634353232353b757365726e616d657c733a363a22617468656e61223b),
('fki93rpq9ssc88q3qjjjv3bd55qek06g', '127.0.0.1', '0000-00-00 00:00:00', 0x5f5f63695f6c6173745f726567656e65726174657c693a313634333634313433323b),
('foeh0p7c90kp1pkn46nr3lvm7v41as5l', '127.0.0.1', '0000-00-00 00:00:00', 0x5f5f63695f6c6173745f726567656e65726174657c693a313634333732343439313b757365726e616d657c733a31303a2261646d696e3132333435223b61646d696e49647c733a323a223133223b),
('ft3oe0tdg2dfr9q8bdfduoqvo5oe8t4i', '127.0.0.1', '0000-00-00 00:00:00', 0x5f5f63695f6c6173745f726567656e65726174657c693a313634333733303239383b757365726e616d657c733a31303a2261646d696e3132333435223b61646d696e49647c733a323a223133223b),
('ghliju557ds4h2a3o187n7qnqgb1sldc', '127.0.0.1', '0000-00-00 00:00:00', 0x5f5f63695f6c6173745f726567656e65726174657c693a313634333733323237333b757365726e616d657c733a31303a2261646d696e3132333435223b61646d696e49647c733a323a223133223b),
('gijivtpa4jscf7j1so7p19ikb643nr7v', '127.0.0.1', '0000-00-00 00:00:00', 0x5f5f63695f6c6173745f726567656e65726174657c693a313634333733393336303b757365726e616d657c733a31303a2261646d696e3132333435223b61646d696e49647c733a323a223133223b),
('hoogt65hsramvup909c4s6n4ehf064ke', '127.0.0.1', '0000-00-00 00:00:00', 0x5f5f63695f6c6173745f726567656e65726174657c693a313634333734363837393b757365726e616d657c733a31303a2261646d696e3132333435223b61646d696e49647c733a323a223133223b),
('hppagu79irgnaspn8fjmal784nts06to', '127.0.0.1', '0000-00-00 00:00:00', 0x5f5f63695f6c6173745f726567656e65726174657c693a313634333732393535373b757365726e616d657c733a31303a2261646d696e3132333435223b61646d696e49647c733a323a223133223b),
('hq9r3ovicjmo6u9lhjrc87oqd6ik3t2q', '127.0.0.1', '0000-00-00 00:00:00', 0x5f5f63695f6c6173745f726567656e65726174657c693a313634333634343539363b757365726e616d657c733a31303a2261646d696e3132333435223b),
('huiidur6i52vr2ncuv05b2ct468nr9h9', '127.0.0.1', '0000-00-00 00:00:00', 0x5f5f63695f6c6173745f726567656e65726174657c693a313634333732323831373b757365726e616d657c733a31303a2261646d696e3132333435223b61646d696e49647c733a323a223133223b),
('idpgta103vaotheuj2uql3iik9oapusb', '127.0.0.1', '0000-00-00 00:00:00', 0x5f5f63695f6c6173745f726567656e65726174657c693a313634333734333336383b757365726e616d657c733a31303a2261646d696e3132333435223b61646d696e49647c733a323a223133223b),
('ifk2ljjlvraflrq2jelvqtjqssr52nho', '127.0.0.1', '0000-00-00 00:00:00', 0x5f5f63695f6c6173745f726567656e65726174657c693a313634333634393030343b),
('ivkn38egf5md8eo5bs1unc81q6coi6uq', '127.0.0.1', '0000-00-00 00:00:00', 0x5f5f63695f6c6173745f726567656e65726174657c693a313634333731323031303b),
('j2oarg1ovlp16kus93ubts1rerqchthv', '127.0.0.1', '0000-00-00 00:00:00', 0x5f5f63695f6c6173745f726567656e65726174657c693a313634333734373630393b757365726e616d657c733a31303a2261646d696e3132333435223b61646d696e49647c733a323a223133223b),
('j5nd8vrt818vlv92gnf89ie145b61c7s', '127.0.0.1', '0000-00-00 00:00:00', 0x5f5f63695f6c6173745f726567656e65726174657c693a313634333734393333373b757365726e616d657c733a31303a2261646d696e3132333435223b61646d696e49647c733a323a223133223b),
('jfkbr04efq5g0244ut33hokrch6ofse4', '127.0.0.1', '0000-00-00 00:00:00', 0x5f5f63695f6c6173745f726567656e65726174657c693a313634333733313333363b),
('jgb42ku6hp8opjokufb24lgj61h7mgdq', '127.0.0.1', '0000-00-00 00:00:00', 0x5f5f63695f6c6173745f726567656e65726174657c693a313634333635333633373b757365726e616d657c733a383a22636f647931323334223b61646d696e49647c733a323a223132223b),
('jirs66cn9q7oheov7iecktvihgqcrtcr', '127.0.0.1', '0000-00-00 00:00:00', 0x5f5f63695f6c6173745f726567656e65726174657c693a313634333731313735323b757365726e616d657c733a31303a2261646d696e3132333435223b61646d696e49647c733a323a223133223b),
('kagpt94lva3b3t4ccta0a26tbjbk02a0', '127.0.0.1', '0000-00-00 00:00:00', 0x5f5f63695f6c6173745f726567656e65726174657c693a313634333733313934383b757365726e616d657c733a31303a2261646d696e3132333435223b61646d696e49647c733a323a223133223b),
('kmmcqkqt112b6rngki0t7uhshcobsuf2', '127.0.0.1', '0000-00-00 00:00:00', 0x5f5f63695f6c6173745f726567656e65726174657c693a313634333635353238323b757365726e616d657c733a31303a2261646d696e3132333435223b61646d696e49647c733a323a223133223b),
('kp8qpe6tk1osg95a53lua99jbc0e9404', '::1', '0000-00-00 00:00:00', 0x5f5f63695f6c6173745f726567656e65726174657c693a313634333732383431363b757365726e616d657c733a31303a2261646d696e3132333435223b61646d696e49647c733a323a223133223b),
('kv0cbc2o13v8et7mhnaujibof6pdv1pq', '127.0.0.1', '0000-00-00 00:00:00', 0x5f5f63695f6c6173745f726567656e65726174657c693a313634333634383939313b757365726e616d657c733a363a22617468656e61223b),
('lqe2sfsig8q6pp63hnj9bcd0goh432km', '127.0.0.1', '0000-00-00 00:00:00', 0x5f5f63695f6c6173745f726567656e65726174657c693a313634333634363237363b757365726e616d657c733a363a22617468656e61223b),
('m09bd4121fbaunu8bvq306aiglcndjvo', '127.0.0.1', '0000-00-00 00:00:00', 0x5f5f63695f6c6173745f726567656e65726174657c693a313634333731393939393b),
('mm0oopt8k0lqee7riig556g8qa4unm20', '::1', '0000-00-00 00:00:00', 0x5f5f63695f6c6173745f726567656e65726174657c693a313634333731313930363b),
('mndn2lpb9mul4o3a922dbmeriqsd0imc', '127.0.0.1', '0000-00-00 00:00:00', 0x5f5f63695f6c6173745f726567656e65726174657c693a313634333734383839393b757365726e616d657c733a31303a2261646d696e3132333435223b61646d696e49647c733a323a223133223b),
('mp4t0stmdsvufjh2aiel1d8nig9ps6ql', '127.0.0.1', '0000-00-00 00:00:00', 0x5f5f63695f6c6173745f726567656e65726174657c693a313634333635363534333b757365726e616d657c733a31303a2261646d696e3132333435223b61646d696e49647c733a323a223133223b),
('mt07sluv4l9cc4be5sbaushbeo5qbf7m', '127.0.0.1', '0000-00-00 00:00:00', 0x5f5f63695f6c6173745f726567656e65726174657c693a313634333733313332363b757365726e616d657c733a31303a2261646d696e3132333435223b61646d696e49647c733a323a223133223b),
('mtvn57k7e9voiq8riuj8p80hgl5pv7g1', '127.0.0.1', '0000-00-00 00:00:00', 0x5f5f63695f6c6173745f726567656e65726174657c693a313634333634343132353b757365726e616d657c733a31303a2261646d696e3132333435223b),
('mvbviga25mj67i6utr26flho80hmv0uk', '127.0.0.1', '0000-00-00 00:00:00', 0x5f5f63695f6c6173745f726567656e65726174657c693a313634333733313634303b757365726e616d657c733a31303a2261646d696e3132333435223b61646d696e49647c733a323a223133223b),
('neod3pjnmfd051c59j4sc228c4t07mld', '127.0.0.1', '0000-00-00 00:00:00', 0x5f5f63695f6c6173745f726567656e65726174657c693a313634333733383735303b757365726e616d657c733a31303a2261646d696e3132333435223b61646d696e49647c733a323a223133223b),
('nn9qhekvpoulcl8jre7uft4g6dnl3h3p', '127.0.0.1', '0000-00-00 00:00:00', 0x5f5f63695f6c6173745f726567656e65726174657c693a313634333734363139323b757365726e616d657c733a31303a2261646d696e3132333435223b61646d696e49647c733a323a223133223b),
('o07nk3o7vtlmkt0b4dk72hmqfh8ggjdt', '127.0.0.1', '0000-00-00 00:00:00', 0x5f5f63695f6c6173745f726567656e65726174657c693a313634333733333333333b757365726e616d657c733a31303a2261646d696e3132333435223b61646d696e49647c733a323a223133223b),
('o1711j8ji8lbh6pd33uegfap2qov5v1i', '127.0.0.1', '0000-00-00 00:00:00', 0x5f5f63695f6c6173745f726567656e65726174657c693a313634333634323439393b),
('p2c1beffce9g91dmm3oor7ru8u06s3bl', '127.0.0.1', '0000-00-00 00:00:00', 0x5f5f63695f6c6173745f726567656e65726174657c693a313634333733353539313b757365726e616d657c733a31303a2261646d696e3132333435223b61646d696e49647c733a323a223133223b),
('p2dm5lnrffokbjc2d7ruprgniumon02f', '127.0.0.1', '0000-00-00 00:00:00', 0x5f5f63695f6c6173745f726567656e65726174657c693a313634333635323532323b757365726e616d657c733a363a22617468656e61223b61646d696e49647c733a313a2239223b),
('pijnlimj6dccqbloporkg3rt54gicoh8', '127.0.0.1', '0000-00-00 00:00:00', 0x5f5f63695f6c6173745f726567656e65726174657c693a313634333634363734343b757365726e616d657c733a363a22617468656e61223b),
('posn4fl19rslne2tes8s53jju8i75eaj', '127.0.0.1', '0000-00-00 00:00:00', 0x5f5f63695f6c6173745f726567656e65726174657c693a313634333735323738363b757365726e616d657c733a363a22617468656e61223b61646d696e49647c733a323a223332223b),
('pvp6acq9g9fo0fbmqfqo8ldkjj7o775p', '127.0.0.1', '0000-00-00 00:00:00', 0x5f5f63695f6c6173745f726567656e65726174657c693a313634333634393430333b757365726e616d657c733a31303a2261646d696e3132333435223b61646d696e49647c733a313a2231223b),
('q41oads672f3ce040864n0g64qs75tkv', '127.0.0.1', '0000-00-00 00:00:00', 0x5f5f63695f6c6173745f726567656e65726174657c693a313634333733323631323b757365726e616d657c733a31303a2261646d696e3132333435223b61646d696e49647c733a323a223133223b),
('q9pbm00me575ppt9b2g0lf9i4qoksn2k', '127.0.0.1', '0000-00-00 00:00:00', 0x5f5f63695f6c6173745f726567656e65726174657c693a313634333734323539383b),
('qbsge60kpp4j957gpvjm5o6j4hg7fped', '127.0.0.1', '0000-00-00 00:00:00', 0x5f5f63695f6c6173745f726567656e65726174657c693a313634333732363334383b757365726e616d657c733a31303a2261646d696e3132333435223b61646d696e49647c733a323a223133223b),
('qs4vbh1u3739pkp0i5r0lp6k7e2ttccn', '127.0.0.1', '0000-00-00 00:00:00', 0x5f5f63695f6c6173745f726567656e65726174657c693a313634333731333136313b757365726e616d657c733a31303a2261646d696e3132333435223b61646d696e49647c733a323a223133223b),
('r7sl4h6epmviv2l3jb17lgpdc2lq9s3e', '127.0.0.1', '0000-00-00 00:00:00', 0x5f5f63695f6c6173745f726567656e65726174657c693a313634333733343530353b757365726e616d657c733a31303a2261646d696e3132333435223b61646d696e49647c733a323a223133223b),
('s4of2067gpschae8v5455fq21pml7vlj', '127.0.0.1', '0000-00-00 00:00:00', 0x5f5f63695f6c6173745f726567656e65726174657c693a313634333735323633383b757365726e616d657c733a363a22617468656e61223b61646d696e49647c733a323a223332223b),
('su74amoo5cm6j2871urbd3r5rjkfhrcg', '127.0.0.1', '0000-00-00 00:00:00', 0x5f5f63695f6c6173745f726567656e65726174657c693a313634333732373235303b757365726e616d657c733a31303a2261646d696e3132333435223b61646d696e49647c733a323a223133223b),
('t49h30emp084vvdakike1o0hnkj6rroj', '127.0.0.1', '0000-00-00 00:00:00', 0x5f5f63695f6c6173745f726567656e65726174657c693a313634333732363731303b),
('t69st94l6pcg1tmimtoshnk6r1j2pnm9', '127.0.0.1', '0000-00-00 00:00:00', 0x5f5f63695f6c6173745f726567656e65726174657c693a313634333634333438393b757365726e616d657c733a31303a2261646d696e3132333435223b),
('t6i608n6f6m75kvg0fgp8dgi943svn7i', '127.0.0.1', '0000-00-00 00:00:00', 0x5f5f63695f6c6173745f726567656e65726174657c693a313634333732373938383b757365726e616d657c733a31303a2261646d696e3132333435223b61646d696e49647c733a323a223133223b),
('t8qmmpurl2f4b990vb032q4243c1ql3a', '127.0.0.1', '0000-00-00 00:00:00', 0x5f5f63695f6c6173745f726567656e65726174657c693a313634333731323031303b),
('taidn7hj0smq0rjj2tak4uhcg6sgvji9', '127.0.0.1', '0000-00-00 00:00:00', 0x5f5f63695f6c6173745f726567656e65726174657c693a313634333734383234313b757365726e616d657c733a31303a2261646d696e3132333435223b61646d696e49647c733a323a223133223b),
('tbcof6faa34uv0m65r2pi7908rrjhhok', '127.0.0.1', '0000-00-00 00:00:00', 0x5f5f63695f6c6173745f726567656e65726174657c693a313634333635363137313b757365726e616d657c733a31303a2261646d696e3132333435223b61646d696e49647c733a323a223133223b),
('tic0f4mkoo347km0rg5mhq77ia6hc96d', '127.0.0.1', '0000-00-00 00:00:00', 0x5f5f63695f6c6173745f726567656e65726174657c693a313634333734343339323b),
('tn0c37rnrh16rfl0hb4hgbd80a4viobi', '127.0.0.1', '0000-00-00 00:00:00', 0x5f5f63695f6c6173745f726567656e65726174657c693a313634333732363630373b757365726e616d657c733a31303a2261646d696e3132333435223b61646d696e49647c733a323a223133223b),
('to5qlqkqrpi32719bp6dt69r5ds9l2p5', '127.0.0.1', '0000-00-00 00:00:00', 0x5f5f63695f6c6173745f726567656e65726174657c693a313634333635333331343b757365726e616d657c733a383a22636f647931323334223b61646d696e49647c733a323a223132223b),
('uhimv8urtnqfcs1tor8lpujbph64n5ps', '127.0.0.1', '0000-00-00 00:00:00', 0x5f5f63695f6c6173745f726567656e65726174657c693a313634333733383139363b757365726e616d657c733a31303a2261646d696e3132333435223b61646d696e49647c733a323a223133223b),
('ujapn29n52k1b4bdqktjah2318lt0i0r', '127.0.0.1', '0000-00-00 00:00:00', 0x5f5f63695f6c6173745f726567656e65726174657c693a313634333635313131323b757365726e616d657c733a363a22617468656e61223b61646d696e49647c733a313a2239223b),
('us0tl9q75jet4l2q8ct0obdd2thv5vk4', '::1', '0000-00-00 00:00:00', 0x5f5f63695f6c6173745f726567656e65726174657c693a313634333732383431363b757365726e616d657c733a31303a2261646d696e3132333435223b61646d696e49647c733a323a223133223b),
('uv5hal04nd7st7p6hkbpc025q9l522m5', '127.0.0.1', '0000-00-00 00:00:00', 0x5f5f63695f6c6173745f726567656e65726174657c693a313634333734353437373b757365726e616d657c733a31303a2261646d696e3132333435223b61646d696e49647c733a323a223133223b),
('vf38t0h54qu3m1jpf9onn7v2km5ri5i5', '127.0.0.1', '0000-00-00 00:00:00', 0x5f5f63695f6c6173745f726567656e65726174657c693a313634333731323734373b757365726e616d657c733a31303a2261646d696e3132333435223b61646d696e49647c733a323a223133223b),
('vfvm5gph7d2rn30375jdnm8pfvsa19d7', '127.0.0.1', '0000-00-00 00:00:00', 0x5f5f63695f6c6173745f726567656e65726174657c693a313634333734333931353b757365726e616d657c733a31303a2261646d696e3132333435223b61646d696e49647c733a323a223133223b),
('vod7dfl92pdjcga7pr1m0em8k7j6i977', '127.0.0.1', '0000-00-00 00:00:00', 0x5f5f63695f6c6173745f726567656e65726174657c693a313634333733313333363b),
('vvsb827ptls0e6orr7r4ao3r4umhmf4c', '127.0.0.1', '0000-00-00 00:00:00', 0x5f5f63695f6c6173745f726567656e65726174657c693a313634333634383132343b757365726e616d657c733a363a22617468656e61223b);

-- --------------------------------------------------------

--
-- Table structure for table `commissions`
--

CREATE TABLE `commissions` (
  `CommissionId` int(11) NOT NULL,
  `EmployeeId` int(11) NOT NULL,
  `Date` date NOT NULL,
  `Description` varchar(255) DEFAULT NULL,
  `Amount` decimal(13,2) NOT NULL
) ENGINE=InnoDB DEFAULT CHARSET=utf8mb4;

--
-- Dumping data for table `commissions`
--

INSERT INTO `commissions` (`CommissionId`, `EmployeeId`, `Date`, `Description`, `Amount`) VALUES
(38, 353, '2022-04-06', 'Did Root Canal Surgery', '1500.00');

-- --------------------------------------------------------

--
-- Table structure for table `deductions`
--

CREATE TABLE `deductions` (
  `DeductionId` int(11) NOT NULL,
  `Deduction` varchar(255) NOT NULL,
  `Description` varchar(255) DEFAULT NULL,
  `Amount` decimal(9,2) NOT NULL
) ENGINE=InnoDB DEFAULT CHARSET=utf8mb4;

-- --------------------------------------------------------

--
-- Table structure for table `departments`
--

CREATE TABLE `departments` (
  `DepartmentId` int(11) NOT NULL,
  `Department` varchar(255) DEFAULT NULL,
  `Description` varchar(255) DEFAULT NULL,
  `DepartmentHead` int(11) DEFAULT NULL
) ENGINE=InnoDB DEFAULT CHARSET=utf8mb4;

--
-- Dumping data for table `departments`
--

INSERT INTO `departments` (`DepartmentId`, `Department`, `Description`, `DepartmentHead`) VALUES
(39, 'Sanitation Depart', 'Handles Everything Related to cleaning', NULL);

-- --------------------------------------------------------

--
-- Table structure for table `employeecalculation`
--

CREATE TABLE `employeecalculation` (
  `Id` int(11) NOT NULL,
  `EmployeeId` int(11) DEFAULT NULL,
  `EmployeeNumber` varchar(255) NOT NULL,
  `BaseSalary` decimal(13,2) NOT NULL DEFAULT 0.00,
  `SSS` decimal(13,2) NOT NULL DEFAULT 0.00,
  `PagIbig` decimal(13,2) NOT NULL DEFAULT 0.00,
  `PhilHealth` decimal(13,2) NOT NULL DEFAULT 0.00,
  `CashAdvance` decimal(13,2) NOT NULL DEFAULT 0.00
) ENGINE=InnoDB DEFAULT CHARSET=utf8mb4;

--
-- Dumping data for table `employeecalculation`
--

INSERT INTO `employeecalculation` (`Id`, `EmployeeId`, `EmployeeNumber`, `BaseSalary`, `SSS`, `PagIbig`, `PhilHealth`, `CashAdvance`) VALUES
(7, 353, '2022-0BLG9X', '15000.00', '0.00', '0.00', '0.00', '0.00');

-- --------------------------------------------------------

--
-- Table structure for table `employees`
--

CREATE TABLE `employees` (
  `EmployeeId` int(11) NOT NULL,
  `EmployeeNumber` varchar(255) DEFAULT NULL,
  `RFID` varchar(255) NOT NULL,
  `FirstName` varchar(255) NOT NULL,
  `LastName` varchar(255) NOT NULL,
  `Address` varchar(255) NOT NULL,
  `ContactNumber` varchar(255) NOT NULL,
  `BirthDate` date NOT NULL,
  `HireDate` date DEFAULT NULL,
  `DepartmentId` int(11) DEFAULT NULL,
  `PositionId` int(11) DEFAULT NULL,
  `BranchId` int(11) DEFAULT NULL,
  `ScheduleId` int(11) DEFAULT NULL,
  `Status` int(11) NOT NULL DEFAULT 5,
  `Image` varchar(255) DEFAULT NULL
) ENGINE=InnoDB DEFAULT CHARSET=utf8mb4;

--
-- Dumping data for table `employees`
--

INSERT INTO `employees` (`EmployeeId`, `EmployeeNumber`, `RFID`, `FirstName`, `LastName`, `Address`, `ContactNumber`, `BirthDate`, `HireDate`, `DepartmentId`, `PositionId`, `BranchId`, `ScheduleId`, `Status`, `Image`) VALUES
(353, '2022-0BLG9X', '154141', 'Jericozz', 'Casas', 'Hello WOrldadsa dsad asd sa', '9224891495', '2022-02-01', '2022-02-01', 39, 40, 13, 25, 1, './assets/EmployeeImages/default.png');

-- --------------------------------------------------------

--
-- Table structure for table `employeestatus`
--

CREATE TABLE `employeestatus` (
  `Id` int(11) NOT NULL,
  `Status` varchar(255) NOT NULL
) ENGINE=InnoDB DEFAULT CHARSET=utf8mb4;

--
-- Dumping data for table `employeestatus`
--

INSERT INTO `employeestatus` (`Id`, `Status`) VALUES
(1, 'On Time'),
(2, 'Late'),
(3, 'Regular Hour\r\n'),
(4, 'Overtime\r\n'),
(5, 'Not Present\r\n');

-- --------------------------------------------------------

--
-- Table structure for table `positions`
--

CREATE TABLE `positions` (
  `PositionId` int(11) NOT NULL,
  `Position` varchar(255) NOT NULL,
  `Description` varchar(255) NOT NULL
) ENGINE=InnoDB DEFAULT CHARSET=utf8mb4;

--
-- Dumping data for table `positions`
--

INSERT INTO `positions` (`PositionId`, `Position`, `Description`) VALUES
(33, 'Dentist', 'Performs Dental Activities'),
(40, 'Custodian', 'Handles Cleaning');

-- --------------------------------------------------------

--
-- Table structure for table `schedules`
--

CREATE TABLE `schedules` (
  `ScheduleId` int(11) NOT NULL,
  `TimeIn` time DEFAULT NULL,
  `TimeOut` time DEFAULT NULL
) ENGINE=InnoDB DEFAULT CHARSET=utf8mb4;

--
-- Dumping data for table `schedules`
--

INSERT INTO `schedules` (`ScheduleId`, `TimeIn`, `TimeOut`) VALUES
(25, '08:00:00', '17:00:00'),
(29, '11:30:00', '16:30:00');

--
-- Indexes for dumped tables
--

--
-- Indexes for table `activitylog`
--
ALTER TABLE `activitylog`
  ADD PRIMARY KEY (`id`),
  ADD KEY `AdminId` (`AdminId`),
  ADD KEY `Username` (`Username`);

--
-- Indexes for table `adminlogin`
--
ALTER TABLE `adminlogin`
  ADD PRIMARY KEY (`Id`),
  ADD UNIQUE KEY `Username` (`Username`),
  ADD UNIQUE KEY `Password` (`Password`);

--
-- Indexes for table `attendance`
--
ALTER TABLE `attendance`
  ADD PRIMARY KEY (`AttendanceId`),
  ADD KEY `EmployeeId` (`EmployeeId`),
  ADD KEY `EmployeeNumber` (`EmployeeNumber`),
  ADD KEY `attendance_ibfk_2` (`TimeInStatus`),
  ADD KEY `attendance_ibfk_3` (`TimeOutStatus`);

--
-- Indexes for table `branches`
--
ALTER TABLE `branches`
  ADD PRIMARY KEY (`BranchId`);

--
-- Indexes for table `ci_sessions`
--
ALTER TABLE `ci_sessions`
  ADD PRIMARY KEY (`id`,`ip_address`),
  ADD KEY `ci_sessions_timestamp` (`timestamp`);

--
-- Indexes for table `commissions`
--
ALTER TABLE `commissions`
  ADD PRIMARY KEY (`CommissionId`),
  ADD KEY `commissions_ibfk_1` (`EmployeeId`);

--
-- Indexes for table `deductions`
--
ALTER TABLE `deductions`
  ADD PRIMARY KEY (`DeductionId`);

--
-- Indexes for table `departments`
--
ALTER TABLE `departments`
  ADD PRIMARY KEY (`DepartmentId`),
  ADD KEY `departments_ibfk_1` (`DepartmentHead`);

--
-- Indexes for table `employeecalculation`
--
ALTER TABLE `employeecalculation`
  ADD PRIMARY KEY (`Id`),
  ADD UNIQUE KEY `EmployeeNumber` (`EmployeeNumber`),
  ADD KEY `EmployeId` (`EmployeeId`);

--
-- Indexes for table `employees`
--
ALTER TABLE `employees`
  ADD PRIMARY KEY (`EmployeeId`),
  ADD UNIQUE KEY `RFID` (`RFID`),
  ADD UNIQUE KEY `EmployeeNumber` (`EmployeeNumber`),
  ADD KEY `DepartmentId` (`DepartmentId`),
  ADD KEY `PositionId` (`PositionId`),
  ADD KEY `BranchId` (`BranchId`),
  ADD KEY `ScheduleId` (`ScheduleId`),
  ADD KEY `Status` (`Status`);

--
-- Indexes for table `employeestatus`
--
ALTER TABLE `employeestatus`
  ADD PRIMARY KEY (`Id`);

--
-- Indexes for table `positions`
--
ALTER TABLE `positions`
  ADD PRIMARY KEY (`PositionId`);

--
-- Indexes for table `schedules`
--
ALTER TABLE `schedules`
  ADD PRIMARY KEY (`ScheduleId`);

--
-- AUTO_INCREMENT for dumped tables
--

--
-- AUTO_INCREMENT for table `activitylog`
--
ALTER TABLE `activitylog`
  MODIFY `id` int(11) NOT NULL AUTO_INCREMENT, AUTO_INCREMENT=248;

--
-- AUTO_INCREMENT for table `adminlogin`
--
ALTER TABLE `adminlogin`
  MODIFY `Id` int(11) NOT NULL AUTO_INCREMENT, AUTO_INCREMENT=33;

--
-- AUTO_INCREMENT for table `attendance`
--
ALTER TABLE `attendance`
  MODIFY `AttendanceId` int(11) NOT NULL AUTO_INCREMENT, AUTO_INCREMENT=25;

--
-- AUTO_INCREMENT for table `branches`
--
ALTER TABLE `branches`
  MODIFY `BranchId` int(11) NOT NULL AUTO_INCREMENT, AUTO_INCREMENT=19;

--
-- AUTO_INCREMENT for table `commissions`
--
ALTER TABLE `commissions`
  MODIFY `CommissionId` int(11) NOT NULL AUTO_INCREMENT, AUTO_INCREMENT=39;

--
-- AUTO_INCREMENT for table `deductions`
--
ALTER TABLE `deductions`
  MODIFY `DeductionId` int(11) NOT NULL AUTO_INCREMENT, AUTO_INCREMENT=4;

--
-- AUTO_INCREMENT for table `departments`
--
ALTER TABLE `departments`
  MODIFY `DepartmentId` int(11) NOT NULL AUTO_INCREMENT, AUTO_INCREMENT=40;

--
-- AUTO_INCREMENT for table `employeecalculation`
--
ALTER TABLE `employeecalculation`
  MODIFY `Id` int(11) NOT NULL AUTO_INCREMENT, AUTO_INCREMENT=8;

--
-- AUTO_INCREMENT for table `employees`
--
ALTER TABLE `employees`
  MODIFY `EmployeeId` int(11) NOT NULL AUTO_INCREMENT, AUTO_INCREMENT=354;

--
-- AUTO_INCREMENT for table `employeestatus`
--
ALTER TABLE `employeestatus`
  MODIFY `Id` int(11) NOT NULL AUTO_INCREMENT, AUTO_INCREMENT=6;

--
-- AUTO_INCREMENT for table `positions`
--
ALTER TABLE `positions`
  MODIFY `PositionId` int(11) NOT NULL AUTO_INCREMENT, AUTO_INCREMENT=41;

--
-- AUTO_INCREMENT for table `schedules`
--
ALTER TABLE `schedules`
  MODIFY `ScheduleId` int(11) NOT NULL AUTO_INCREMENT, AUTO_INCREMENT=30;

--
-- Constraints for dumped tables
--

--
-- Constraints for table `activitylog`
--
ALTER TABLE `activitylog`
  ADD CONSTRAINT `activitylog_ibfk_1` FOREIGN KEY (`AdminId`) REFERENCES `adminlogin` (`Id`) ON DELETE CASCADE ON UPDATE CASCADE,
  ADD CONSTRAINT `activitylog_ibfk_2` FOREIGN KEY (`Username`) REFERENCES `adminlogin` (`Username`) ON DELETE CASCADE ON UPDATE CASCADE;

--
-- Constraints for table `attendance`
--
ALTER TABLE `attendance`
  ADD CONSTRAINT `attendance_ibfk_1` FOREIGN KEY (`EmployeeId`) REFERENCES `employees` (`EmployeeId`) ON DELETE SET NULL ON UPDATE CASCADE,
  ADD CONSTRAINT `attendance_ibfk_2` FOREIGN KEY (`TimeInStatus`) REFERENCES `employeestatus` (`id`),
  ADD CONSTRAINT `attendance_ibfk_3` FOREIGN KEY (`TimeOutStatus`) REFERENCES `employeestatus` (`id`),
  ADD CONSTRAINT `attendance_ibfk_4` FOREIGN KEY (`EmployeeNumber`) REFERENCES `employees` (`EmployeeNumber`);

--
-- Constraints for table `commissions`
--
ALTER TABLE `commissions`
  ADD CONSTRAINT `commissions_ibfk_1` FOREIGN KEY (`EmployeeId`) REFERENCES `employees` (`EmployeeId`) ON DELETE CASCADE ON UPDATE CASCADE;

--
-- Constraints for table `departments`
--
ALTER TABLE `departments`
  ADD CONSTRAINT `departments_ibfk_1` FOREIGN KEY (`DepartmentHead`) REFERENCES `employees` (`EmployeeId`) ON DELETE SET NULL ON UPDATE CASCADE;

--
-- Constraints for table `employeecalculation`
--
ALTER TABLE `employeecalculation`
  ADD CONSTRAINT `employeecalculation_ibfk_1` FOREIGN KEY (`EmployeeNumber`) REFERENCES `employees` (`EmployeeNumber`) ON DELETE CASCADE ON UPDATE CASCADE,
  ADD CONSTRAINT `employeecalculation_ibfk_2` FOREIGN KEY (`EmployeeId`) REFERENCES `employees` (`EmployeeId`) ON DELETE SET NULL ON UPDATE CASCADE;

--
-- Constraints for table `employees`
--
ALTER TABLE `employees`
  ADD CONSTRAINT `employees_ibfk_2` FOREIGN KEY (`PositionId`) REFERENCES `positions` (`PositionId`) ON DELETE SET NULL ON UPDATE CASCADE,
  ADD CONSTRAINT `employees_ibfk_3` FOREIGN KEY (`BranchId`) REFERENCES `branches` (`BranchId`) ON DELETE SET NULL,
  ADD CONSTRAINT `employees_ibfk_4` FOREIGN KEY (`ScheduleId`) REFERENCES `schedules` (`ScheduleId`),
  ADD CONSTRAINT `employees_ibfk_6` FOREIGN KEY (`DepartmentId`) REFERENCES `departments` (`DepartmentId`) ON DELETE SET NULL,
  ADD CONSTRAINT `employees_ibfk_7` FOREIGN KEY (`Status`) REFERENCES `employeestatus` (`id`) ON DELETE CASCADE ON UPDATE CASCADE;
COMMIT;

/*!40101 SET CHARACTER_SET_CLIENT=@OLD_CHARACTER_SET_CLIENT */;
/*!40101 SET CHARACTER_SET_RESULTS=@OLD_CHARACTER_SET_RESULTS */;
/*!40101 SET COLLATION_CONNECTION=@OLD_COLLATION_CONNECTION */;
